[
  {
    "id": "3981807a-a4fb-4a3c-962c-73e9a19125c1",
    "data": [
      {
        "text": "add ",
        "userDefined": false
      },
      {
        "text": "\"buy something\"",
        "alias": "any",
        "meta": "@sys.any",
        "userDefined": true
      },
      {
        "text": ", please",
        "userDefined": false
      }
    ],
    "isTemplate": false,
    "count": 0,
    "updated": 1495102589
  },
  {
    "id": "d0505637-524a-49eb-8d5f-e174b756777c",
    "data": [
      {
        "text": "add ",
        "userDefined": false
      },
      {
        "text": "\"buy bananas\"",
        "alias": "any",
        "meta": "@sys.any",
        "userDefined": true
      },
      {
        "text": " to my tasks",
        "userDefined": false
      }
    ],
    "isTemplate": false,
    "count": 0,
    "updated": 1495102589
  },
  {
    "id": "689030c8-67bf-4b37-bbd6-3821df4962a7",
    "data": [
      {
        "text": "add ",
        "userDefined": false
      },
      {
        "text": "\"banana\"",
        "alias": "any",
        "meta": "@sys.any",
        "userDefined": true
      }
    ],
    "isTemplate": false,
    "count": 0,
    "updated": 1495102289
  },
  {
    "id": "5c4f575a-a801-4555-a2f0-c8a758271bc4",
    "data": [
      {
        "text": "add ",
        "userDefined": false
      },
      {
        "text": "\"buy the bread\"",
        "alias": "any",
        "meta": "@sys.any",
        "userDefined": true
      },
      {
        "text": " to my task list",
        "userDefined": false
      }
    ],
    "isTemplate": false,
    "count": 0,
    "updated": 1495102289
  },
  {
    "id": "e1e87cdb-ea3c-42d7-b646-0808d8f73e2a",
    "data": [
      {
        "text": "Add ",
        "userDefined": false
      },
      {
        "text": "\"this\"",
        "alias": "any",
        "meta": "@sys.any",
        "userDefined": true
      },
      {
        "text": " to my task list",
        "userDefined": false
      }
    ],
    "isTemplate": false,
    "count": 0,
    "updated": 0
  }
]