[
  {
    "id": "44b5816d-9bab-40bc-aecb-238647924737",
    "data": [
      {
        "text": "Task",
        "userDefined": false
      }
    ],
    "isTemplate": false,
    "count": 0,
    "updated": 0
  },
  {
    "id": "9bc44c69-981b-4b30-8b9f-476b64013ca2",
    "data": [
      {
        "text": "What is the task?",
        "userDefined": false
      }
    ],
    "isTemplate": false,
    "count": 0,
    "updated": 0
  },
  {
    "id": "59ed0f45-7a81-4f23-8f72-a3c62bd388e0",
    "data": [
      {
        "text": "Third",
        "alias": "ordinal",
        "meta": "@sys.ordinal",
        "userDefined": false
      },
      {
        "text": " task",
        "userDefined": false
      }
    ],
    "isTemplate": false,
    "count": 0,
    "updated": 0
  },
  {
    "id": "c4fd155f-a205-4c31-9d70-23ee344a7983",
    "data": [
      {
        "text": "Please, tell me the ",
        "userDefined": false
      },
      {
        "text": "second",
        "alias": "ordinal",
        "meta": "@sys.ordinal",
        "userDefined": false
      },
      {
        "text": " task",
        "userDefined": false
      }
    ],
    "isTemplate": false,
    "count": 0,
    "updated": 0
  },
  {
    "id": "04eef677-cb45-4f1f-b248-c17c47721b9d",
    "data": [
      {
        "text": "What is the ",
        "userDefined": false
      },
      {
        "text": "first",
        "alias": "ordinal",
        "meta": "@sys.ordinal",
        "userDefined": false
      },
      {
        "text": " task?",
        "userDefined": false
      }
    ],
    "isTemplate": false,
    "count": 0,
    "updated": 0
  }
]