[
  {
    "id": "6bea1670-b60f-4a3a-ab6b-a5247f75cf47",
    "data": [
      {
        "text": "Tell me my tasks",
        "userDefined": false
      }
    ],
    "isTemplate": false,
    "count": 0,
    "updated": 1495101664
  },
  {
    "id": "b4691b03-f3df-4401-87a3-f442c6c18ff5",
    "data": [
      {
        "text": "Tasks",
        "userDefined": false
      }
    ],
    "isTemplate": false,
    "count": 0,
    "updated": 0
  },
  {
    "id": "25043b35-57e5-41a2-b62e-40f4634e180a",
    "data": [
      {
        "text": "List my tasks",
        "userDefined": false
      }
    ],
    "isTemplate": false,
    "count": 0,
    "updated": 0
  },
  {
    "id": "62558c34-a532-4de8-8860-054b7510b3fe",
    "data": [
      {
        "text": "Please, tell me my tasks",
        "userDefined": false
      }
    ],
    "isTemplate": false,
    "count": 0,
    "updated": 0
  },
  {
    "id": "09798e1b-35ff-4c2e-bc23-69dca39449e8",
    "data": [
      {
        "text": "What are my tasks?",
        "userDefined": false
      }
    ],
    "isTemplate": false,
    "count": 0,
    "updated": 0
  }
]